recording,run,true_m,Integration,Constant speed,Random Forest,SVR,CNN-GRU
straight_slow,0,5.0,0.565,4.993,4.98,4.99,5.197
straight_slow,5,5.0,1.249,4.867,5.026,4.902,4.939
straight_fast,0,5.0,1.009,3.982,4.143,4.157,4.316
straight_fast,5,5.0,1.665,4.33,4.478,4.441,4.519
curve_slow,0,5.0,0.749,5.689,5.287,4.972,5.311
curve_slow,5,5.0,0.956,5.373,5.227,5.158,5.482
curve_fast,0,5.0,1.119,4.361,4.181,4.271,4.475
curve_fast,5,5.0,3.937,4.772,4.781,4.747,4.796
straight_slow,1,5.0,1.909,5.192,5.221,5.28,5.067
straight_slow,6,5.0,1.348,5.128,5.394,5.639,5.565
straight_fast,1,5.0,1.26,5.032,4.573,4.679,4.627
straight_fast,6,5.0,3.027,4.167,4.267,4.409,4.371
curve_slow,1,5.0,1.556,6.154,5.675,5.873,5.775
curve_slow,6,5.0,2.216,5.577,5.329,5.294,5.45
curve_fast,1,5.0,1.415,4.712,4.361,4.233,4.346
curve_fast,6,5.0,2.797,5.128,4.804,4.791,4.73
straight_slow,2,5.0,1.289,5.129,4.98,4.956,4.852
straight_slow,7,5.0,1.087,5.511,5.617,5.701,5.588
straight_fast,2,5.0,3.447,4.396,4.781,4.47,4.346
straight_fast,7,5.0,1.829,4.396,4.536,4.464,4.352
curve_slow,2,5.0,1.647,5.288,4.654,4.911,4.613
curve_slow,7,5.0,1.304,5.352,5.008,4.919,5.003
curve_fast,2,5.0,2.755,4.842,5.133,5.22,4.817
curve_fast,7,5.0,1.417,4.746,4.645,4.593,4.673
straight_slow,3,5.0,1.212,5.169,4.999,4.788,5.362
straight_slow,8,5.0,0.935,5.266,5.234,5.213,5.358
straight_fast,3,5.0,1.923,4.495,4.781,4.705,4.733
straight_fast,8,5.0,2.403,4.816,4.886,4.938,5.01
curve_slow,3,5.0,1.488,5.619,4.818,4.721,4.76
curve_slow,8,5.0,2.027,5.266,4.904,4.997,5.101
curve_fast,3,5.0,3.59,5.619,6.349,5.905,5.541
curve_fast,8,5.0,2.489,4.945,5.032,4.933,4.906
straight_slow,4,5.0,2.911,5.337,5.2,5.109,5.061
straight_slow,9,5.0,3.479,5.015,4.823,4.558,4.769
straight_fast,4,5.0,2.084,4.565,4.637,4.812,4.517
straight_fast,9,5.0,2.379,4.822,5.343,5.437,5.282
curve_slow,4,5.0,2.105,5.883,5.41,5.405,5.509
curve_slow,9,5.0,1.57,5.69,6.08,5.797,5.924
curve_fast,4,5.0,2.959,5.015,5.174,5.18,4.767
curve_fast,9,5.0,6.397,5.176,5.103,4.565,4.671
